province,district_name,urban_rural,population,pop_covered_4g_pct,internet_users_pct,electricity_access_pct,basket_data_voice_low_pct_gni,coverage_gap,adoption_gap,affordability_gap,electricity_gap,ddi,ddi_rank,ddi_quintile,base_stations,base_stations_per_10k,towers_per_10k
Mashonaland West,Hurungwe,rural,390907,29.0,41.64,51.4,3.15,71.0,58.4,31.5,48.6,52.4,1,Q5 (worst),170,4.35,
Mashonaland East,Goromonzi,rural,386199,29.0,41.64,51.4,3.15,71.0,58.4,31.5,48.6,52.4,1,Q5 (worst),168,4.35,
Manicaland,Chipinge Rural,rural,375259,29.0,41.64,51.4,3.15,71.0,58.4,31.5,48.6,52.4,1,Q5 (worst),164,4.37,
Harare,Harare Rural,rural,357860,29.0,41.64,51.4,3.15,71.0,58.4,31.5,48.6,52.4,1,Q5 (worst),156,4.36,91.18
Mashonaland West,Zvimba,rural,347994,29.0,41.64,51.4,3.15,71.0,58.4,31.5,48.6,52.4,1,Q5 (worst),152,4.37,
Midlands,Gokwe South,rural,317553,29.0,41.64,51.4,3.15,71.0,58.4,31.5,48.6,52.4,1,Q5 (worst),138,4.35,
Manicaland,Mutare Rural,rural,306760,29.0,41.64,51.4,3.15,71.0,58.4,31.5,48.6,52.4,1,Q5 (worst),134,4.37,
Masvingo,Chiredzi Rural,rural,303503,29.0,41.64,51.4,3.15,71.0,58.4,31.5,48.6,52.4,1,Q5 (worst),132,4.35,
Mashonaland Central,Mazowe,rural,293362,29.0,41.64,51.4,3.15,71.0,58.4,31.5,48.6,52.4,1,Q5 (worst),128,4.36,0.61
Manicaland,Makoni,rural,288444,29.0,41.64,51.4,3.15,71.0,58.4,31.5,48.6,52.4,1,Q5 (worst),126,4.37,
Manicaland,Buhera,rural,271920,29.0,41.64,51.4,3.15,71.0,58.4,31.5,48.6,52.4,1,Q5 (worst),119,4.38,
Midlands,Gokwe North,rural,249723,29.0,41.64,51.4,3.15,71.0,58.4,31.5,48.6,52.4,1,Q5 (worst),109,4.36,0.84
Mashonaland Central,Mount Darwin,rural,240727,29.0,41.64,51.4,3.15,71.0,58.4,31.5,48.6,52.4,1,Q5 (worst),105,4.36,
Masvingo,Masvingo Rural,rural,238103,29.0,41.64,51.4,3.15,71.0,58.4,31.5,48.6,52.4,1,Q5 (worst),104,4.37,
Mashonaland West,Makonde,rural,209947,29.0,41.64,51.4,3.15,71.0,58.4,31.5,48.6,52.4,1,Q5 (worst),92,4.38,
Masvingo,Mwenezi,rural,209327,29.0,41.64,51.4,3.15,71.0,58.4,31.5,48.6,52.4,1,Q5 (worst),91,4.35,1.91
Midlands,Mberengwa,rural,208458,29.0,41.64,51.4,3.15,71.0,58.4,31.5,48.6,52.4,1,Q5 (worst),91,4.37,
Masvingo,Gutu,rural,208160,29.0,41.64,51.4,3.15,71.0,58.4,31.5,48.6,52.4,1,Q5 (worst),91,4.37,3.65
Mashonaland East,Murehwa,rural,205442,29.0,41.64,51.4,3.15,71.0,58.4,31.5,48.6,52.4,1,Q5 (worst),90,4.38,
Mashonaland East,Seke,rural,200476,29.0,41.64,51.4,3.15,71.0,58.4,31.5,48.6,52.4,1,Q5 (worst),87,4.34,7.08
Masvingo,Zaka,rural,198889,29.0,41.64,51.4,3.15,71.0,58.4,31.5,48.6,52.4,1,Q5 (worst),87,4.37,0.96
Manicaland,Mutasa,rural,197810,29.0,41.64,51.4,3.15,71.0,58.4,31.5,48.6,52.4,1,Q5 (worst),86,4.35,
Midlands,Kwekwe Rural,rural,197063,29.0,41.64,51.4,3.15,71.0,58.4,31.5,48.6,52.4,1,Q5 (worst),86,4.36,
Mashonaland West,Chegutu Rural,rural,178906,29.0,41.64,51.4,3.15,71.0,58.4,31.5,48.6,52.4,1,Q5 (worst),78,4.36,
Masvingo,Bikita,rural,176835,29.0,41.64,51.4,3.15,71.0,58.4,31.5,48.6,52.4,1,Q5 (worst),77,4.35,
Masvingo,Chivi,rural,172979,29.0,41.64,51.4,3.15,71.0,58.4,31.5,48.6,52.4,1,Q5 (worst),75,4.34,0.29
Mashonaland Central,Bindura Rural,rural,169841,29.0,41.64,51.4,3.15,71.0,58.4,31.5,48.6,52.4,1,Q5 (worst),74,4.36,
Mashonaland Central,Shamva,rural,165641,29.0,41.64,51.4,3.15,71.0,58.4,31.5,48.6,52.4,1,Q5 (worst),72,4.35,
Mashonaland East,Mutoko,rural,161091,29.0,41.64,51.4,3.15,71.0,58.4,31.5,48.6,52.4,1,Q5 (worst),70,4.35,
Matabeleland North,Binga,rural,159982,29.0,41.64,51.4,3.15,71.0,58.4,31.5,48.6,52.4,1,Q5 (worst),70,4.38,
Mashonaland East,Mudzi,rural,158483,29.0,41.64,51.4,3.15,71.0,58.4,31.5,48.6,52.4,1,Q5 (worst),69,4.35,8.39
Manicaland,Chimanimani,rural,153620,29.0,41.64,51.4,3.15,71.0,58.4,31.5,48.6,52.4,1,Q5 (worst),67,4.36,
Mashonaland Central,Guruve,rural,153602,29.0,41.64,51.4,3.15,71.0,58.4,31.5,48.6,52.4,1,Q5 (worst),67,4.36,
Manicaland,Nyanga Rural,rural,146282,29.0,41.64,51.4,3.15,71.0,58.4,31.5,48.6,52.4,1,Q5 (worst),64,4.38,
Mashonaland West,Mhondoro Ngezi,rural,140991,29.0,41.64,51.4,3.15,71.0,58.4,31.5,48.6,52.4,1,Q5 (worst),61,4.33,
Mashonaland West,Sanyati,rural,139233,29.0,41.64,51.4,3.15,71.0,58.4,31.5,48.6,52.4,1,Q5 (worst),61,4.38,0.93
Mashonaland East,Marondera Rural,rural,136173,29.0,41.64,51.4,3.15,71.0,58.4,31.5,48.6,52.4,1,Q5 (worst),59,4.33,
Mashonaland Central,Muzarabani,rural,134076,29.0,41.64,51.4,3.15,71.0,58.4,31.5,48.6,52.4,1,Q5 (worst),58,4.33,
Matabeleland South,Gwanda,rural,124548,29.0,41.64,51.4,3.15,71.0,58.4,31.5,48.6,52.4,1,Q5 (worst),54,4.34,
Mashonaland East,Uzumba Maramba Pfungwe (UMP),rural,124225,29.0,41.64,51.4,3.15,71.0,58.4,31.5,48.6,52.4,1,Q5 (worst),54,4.35,
Mashonaland East,Chikomba,rural,123937,29.0,41.64,51.4,3.15,71.0,58.4,31.5,48.6,52.4,1,Q5 (worst),54,4.36,
Matabeleland South,Insiza,rural,122903,29.0,41.64,51.4,3.15,71.0,58.4,31.5,48.6,52.4,1,Q5 (worst),54,4.39,
Midlands,Gweru Rural,rural,121712,29.0,41.64,51.4,3.15,71.0,58.4,31.5,48.6,52.4,1,Q5 (worst),53,4.35,
Matabeleland North,Tsholotsho,rural,115782,29.0,41.64,51.4,3.15,71.0,58.4,31.5,48.6,52.4,1,Q5 (worst),50,4.32,
Matabeleland North,Umguza,rural,113265,29.0,41.64,51.4,3.15,71.0,58.4,31.5,48.6,52.4,1,Q5 (worst),49,4.33,
Matabeleland North,Nkayi,rural,112471,29.0,41.64,51.4,3.15,71.0,58.4,31.5,48.6,52.4,1,Q5 (worst),49,4.36,
Matabeleland North,Lupane,rural,107245,29.0,41.64,51.4,3.15,71.0,58.4,31.5,48.6,52.4,1,Q5 (worst),47,4.38,
Midlands,Shurugwi Rural,rural,98315,29.0,41.64,51.4,3.15,71.0,58.4,31.5,48.6,52.4,1,Q5 (worst),43,4.37,
Matabeleland South,Matobo,rural,95696,29.0,41.64,51.4,3.15,71.0,58.4,31.5,48.6,52.4,1,Q5 (worst),42,4.39,1.78
Midlands,Chirumhanzu,rural,95272,29.0,41.64,51.4,3.15,71.0,58.4,31.5,48.6,52.4,1,Q5 (worst),42,4.41,1.89
Matabeleland South,Beitbridge Rural,rural,94000,29.0,41.64,51.4,3.15,71.0,58.4,31.5,48.6,52.4,1,Q5 (worst),41,4.36,
Matabeleland South,Bulilima,rural,85600,29.0,41.64,51.4,3.15,71.0,58.4,31.5,48.6,52.4,1,Q5 (worst),37,4.32,
Midlands,Zvishavane Rural,rural,85035,29.0,41.64,51.4,3.15,71.0,58.4,31.5,48.6,52.4,1,Q5 (worst),37,4.35,
Mashonaland Central,Mbire,rural,83724,29.0,41.64,51.4,3.15,71.0,58.4,31.5,48.6,52.4,1,Q5 (worst),37,4.42,
Mashonaland Central,Rushinga,rural,76880,29.0,41.64,51.4,3.15,71.0,58.4,31.5,48.6,52.4,1,Q5 (worst),34,4.42,
Mashonaland East,Hwedza,rural,74869,29.0,41.64,51.4,3.15,71.0,58.4,31.5,48.6,52.4,1,Q5 (worst),33,4.41,
Matabeleland North,Bubi,rural,74084,29.0,41.64,51.4,3.15,71.0,58.4,31.5,48.6,52.4,1,Q5 (worst),32,4.32,0.81
Matabeleland South,Umzingwane,rural,71860,29.0,41.64,51.4,3.15,71.0,58.4,31.5,48.6,52.4,1,Q5 (worst),31,4.31,
Matabeleland North,Hwange Rural,rural,69357,29.0,41.64,51.4,3.15,71.0,58.4,31.5,48.6,52.4,1,Q5 (worst),30,4.33,
Matabeleland South,Mangwe,rural,65562,29.0,41.64,51.4,3.15,71.0,58.4,31.5,48.6,52.4,1,Q5 (worst),29,4.42,0.76
Mashonaland West,Kariba Rural,rural,45774,29.0,41.64,51.4,3.15,71.0,58.4,31.5,48.6,52.4,1,Q5 (worst),20,4.37,
Harare,Harare Urban,urban,1491740,95.9,41.64,84.0,3.15,4.1,58.4,31.5,16.0,27.5,62,Q1 (best),2827,18.95,0.01
Bulawayo,Bulawayo,urban,665940,95.9,41.64,84.0,3.15,4.1,58.4,31.5,16.0,27.5,62,Q1 (best),1262,18.95,0.14
Harare,Chitungwiza,urban,371244,95.9,41.64,84.0,3.15,4.1,58.4,31.5,16.0,27.5,62,Q1 (best),703,18.94,0.54
Manicaland,Mutare,urban,224802,95.9,41.64,84.0,3.15,4.1,58.4,31.5,16.0,27.5,62,Q1 (best),426,18.95,0.09
Harare,Epworth,urban,206365,95.9,41.64,84.0,3.15,4.1,58.4,31.5,16.0,27.5,62,Q1 (best),391,18.95,5.86
Midlands,Gweru Urban,urban,161292,95.9,41.64,84.0,3.15,4.1,58.4,31.5,16.0,27.5,62,Q1 (best),306,18.97,
Midlands,Kwekwe Urban,urban,119863,95.9,41.64,84.0,3.15,4.1,58.4,31.5,16.0,27.5,62,Q1 (best),227,18.94,
Mashonaland West,Kadoma,urban,117380,95.9,41.64,84.0,3.15,4.1,58.4,31.5,16.0,27.5,62,Q1 (best),222,18.91,
Mashonaland West,Chinhoyi Urban,urban,103671,95.9,41.64,84.0,3.15,4.1,58.4,31.5,16.0,27.5,62,Q1 (best),196,18.91,
Mashonaland East,Ruwa Local Board,urban,94083,95.9,41.64,84.0,3.15,4.1,58.4,31.5,16.0,27.5,62,Q1 (best),178,18.92,
Masvingo,Masvingo Urban,urban,90286,95.9,41.64,84.0,3.15,4.1,58.4,31.5,16.0,27.5,62,Q1 (best),171,18.94,
Mashonaland West,Norton,urban,87038,95.9,41.64,84.0,3.15,4.1,58.4,31.5,16.0,27.5,62,Q1 (best),165,18.96,
Mashonaland West,Chegutu Urban,urban,66258,95.9,41.64,84.0,3.15,4.1,58.4,31.5,16.0,27.5,62,Q1 (best),126,19.02,
Mashonaland East,Marondera,urban,66203,95.9,41.64,84.0,3.15,4.1,58.4,31.5,16.0,27.5,62,Q1 (best),125,18.88,0.3
Midlands,Zvishavane Urban,urban,59717,95.9,41.64,84.0,3.15,4.1,58.4,31.5,16.0,27.5,62,Q1 (best),113,18.92,
Matabeleland South,Beitbridge,urban,58574,95.9,41.64,84.0,3.15,4.1,58.4,31.5,16.0,27.5,62,Q1 (best),111,18.95,
Mashonaland Central,Bindura Urban,urban,51393,95.9,41.64,84.0,3.15,4.1,58.4,31.5,16.0,27.5,62,Q1 (best),97,18.87,
Midlands,Redcliff,urban,41526,95.9,41.64,84.0,3.15,4.1,58.4,31.5,16.0,27.5,62,Q1 (best),79,19.02,
Masvingo,Chiredzi Urban,urban,40457,95.9,41.64,84.0,3.15,4.1,58.4,31.5,16.0,27.5,62,Q1 (best),77,19.03,
Matabeleland North,Hwange Urban,urban,40241,95.9,41.64,84.0,3.15,4.1,58.4,31.5,16.0,27.5,62,Q1 (best),76,18.89,
Manicaland,Rusape,urban,37906,95.9,41.64,84.0,3.15,4.1,58.4,31.5,16.0,27.5,62,Q1 (best),72,18.99,
Mashonaland West,Karoi,urban,37564,95.9,41.64,84.0,3.15,4.1,58.4,31.5,16.0,27.5,62,Q1 (best),71,18.9,
Matabeleland North,Victoria Falls,urban,35199,95.9,41.64,84.0,3.15,4.1,58.4,31.5,16.0,27.5,62,Q1 (best),67,19.03,
Manicaland,Chipinge Urban,urban,34959,95.9,41.64,84.0,3.15,4.1,58.4,31.5,16.0,27.5,62,Q1 (best),66,18.88,
Midlands,Gokwe Centre,urban,33075,95.9,41.64,84.0,3.15,4.1,58.4,31.5,16.0,27.5,62,Q1 (best),63,19.05,
Mashonaland West,Kariba Urban,urban,27909,95.9,41.64,84.0,3.15,4.1,58.4,31.5,16.0,27.5,62,Q1 (best),53,18.99,
Matabeleland South,Gwanda Urban,urban,27143,95.9,41.64,84.0,3.15,4.1,58.4,31.5,16.0,27.5,62,Q1 (best),51,18.79,
Midlands,Shurugwi Urban,urban,23304,95.9,41.64,84.0,3.15,4.1,58.4,31.5,16.0,27.5,62,Q1 (best),44,18.88,
Mashonaland Central,Mvurwi,urban,15645,95.9,41.64,84.0,3.15,4.1,58.4,31.5,16.0,27.5,62,Q1 (best),30,19.18,
Matabeleland South,Plumtree,urban,14459,95.9,41.64,84.0,3.15,4.1,58.4,31.5,16.0,27.5,62,Q1 (best),27,18.67,
